{
  "project_info": {
    "project_number": "1084785789636",
    "project_id": "serviceontimeapp-d7c17",
    "firebase_url": "https://serviceontimeapp-d7c17-default-rtdb.firebaseio.com",
    "storage_bucket": "serviceontimeapp-d7c17.appspot.com"
  },
  "client": [
    {
      "client_info": {
        "mobilesdk_app_id": "1:1084785789636:android:8cc47d57e7cb1d14eed791",
        "android_client_info": {
          "package_name": "com.example.serviceontime"
        }
      },
      "oauth_client": [
        {
          "client_id": "1084785789636-a1lrskcurqabnvfv93lc514jksinpov6.apps.googleusercontent.com",
          "client_type": 3
        }
      ],
      "api_key": [
        {
          "current_key": "AIzaSyAV7-xegrznjb-xmQmWbJKNw7wiqJbmN1E"
        }
      ],
      "services": {
        "appinvite_service": {
          "other_platform_oauth_client": [
            {
              "client_id": "1084785789636-a1lrskcurqabnvfv93lc514jksinpov6.apps.googleusercontent.com",
              "client_type": 3
            }
          ]
        }
      }
    }
  ],
  "configuration_version": "1"
}